<?xml version="1.0" encoding="UTF-8"?>
<yml_catalog date="2017-08-03 15:36"><shop>
<name>igadget</name>
<company>igadget</company>
<url>http://igadget.me</url>
<phone>‎067-448-88-55</phone>
<currencies>
<currency id="UAH" rate="1" />
</currencies>
<categories>
<category id="1">Аксессуары к мобильным телефонам</category>
<category id="2" parentId="1">Зарядные устройства и адаптеры</category> 
<category id="3" parentId="1">Автодержатели</category>  
</categories>
<offers>
<offer id="1" available="true" type="vendor.model" >
<url>http://igadget.me</url>
<price>499</price>
<currencyId>UAH</currencyId>
<categoryId>2</categoryId>
<picture>http://igadget.me/img/wstandart.png</picture>
<picture>http://igadget.me/phones/slider_standart_4.jpg</picture>
<store>true</store>
<pickup>true</pickup>
<delivery>true</delivery>
<vendor>luna</vendor>
<model>Беспроводное зарядное устройство LUNA STANDART Белый</model>
<description>Время подзарядки батареи смартфона до 100%: 1,5-2 ч в зависимости от объема батареи вашего телефона.В комплект входит: QI беспроводное зарядное устройство, USB кабель, приёмник беспроводного электричества для Вашей модели смартфона, дополнительный приёмник в подарок (для любой указанной Вами модели смартфона), гарантия 12 месяцев на зарядное устройство. Во время зарядки устройство имеет небольшую подсветку синего цвета</description>
<downloadable>false</downloadable>
<param name="Напряжение">DC 5V 2A / DV 5V 1.5A</param>
<param name="Размеры зарядного устройства">100*100*9.5 мм</param>
<param name="Вес зарядного устройства">74 г</param>
<param name="Цвет">Белый</param>
<param name="Страна-производитель">Китай</param>
<param name="Доставка/Оплата">Доставка по Украине. Оплата по факту получения</param>
 <param name="Тип">Беспроводные</param>
</offer>
<offer id="2" available="true" type="vendor.model" >
<url>http://igadget.me</url>
<price>499</price>
<currencyId>UAH</currencyId>
<categoryId>2</categoryId>
<picture>http://igadget.me/img/sblack.png</picture>
<picture>http://igadget.me/phones/slider_standart_2.jpg</picture>
<store>true</store>
<pickup>true</pickup>
<delivery>true</delivery>
<vendor>luna</vendor>
<model>Беспроводное зарядное устройство LUNA STANDART Черный</model>
<description>Время подзарядки батареи смартфона до 100%: 1,5-2 ч в зависимости от объема батареи вашего телефона.В комплект входит: QI беспроводное зарядное устройство, USB кабель, приёмник беспроводного электричества для Вашей модели смартфона, дополнительный приёмник в подарок (для любой указанной Вами модели смартфона), гарантия 12 месяцев на зарядное устройство. Во время зарядки устройство имеет небольшую подсветку синего цвета</description>
<downloadable>false</downloadable>
<param name="Напряжение">DC 5V 2A / DV 5V 1.5A</param>
<param name="Размеры зарядного устройства">100*100*9.5 мм</param>
<param name="Вес зарядного устройства">74 г</param>
<param name="Цвет">Черный</param>
<param name="Страна-производитель">Китай</param>
<param name="Доставка/Оплата">Доставка по Украине. Оплата по факту получения</param>
<param name="Тип">Беспроводные</param>
</offer>
<offer id="3" available="true" type="vendor.model" >
<url>http://igadget.me</url>
<price>699</price>
<currencyId>UAH</currencyId>
<categoryId>2</categoryId>
<picture>http://igadget.me/img/fantasy_white.png</picture>
<picture>http://igadget.me/img/10.jpg</picture>
<picture>http://igadget.me/img/9.jpeg</picture>
<picture>http://igadget.me/img/5.jpg</picture>
<picture>http://igadget.me/img/7.jpg</picture>
<picture>http://igadget.me/img/8.jpg</picture>
<store>true</store>
<pickup>true</pickup>
<delivery>true</delivery>
<vendor>luna</vendor>
<model>Беспроводное зарядное устройство LUNA FANTASY Белый</model>
<description>
<![CDATA[
Беспроводное зарядное устройство LUNA FANTASY,<br/> новая серия беспроводных зарядных устройств. Имеет стильный премиальный дизайн способный подчеркнуть безупречный вкус своего Владельца.<br/>LUNA FANTASY позволяет заряжать любой смартфон (iPhone и Android) не подключая провод к смартфону.<br/>Для начала подзарядки достаточно ПРОСТО положить смартфон на станцию.<br/>Кроме своего удобства и практичности, беспроводной способ зарядки защищает смартфон от поломок, связанных со скачками напряжения в сети.Что в реалиях качества украинской сети является дополнительным преимуществом данного способа зарядки.<br/>Перед началом работы:<br/>Необходимо, один раз, выполнить простую процедуру подключения приёмника / ресивера к смартфону. Подключить штекер ресивера к гнезду зарядки смартфона и положить ресивер под чехол Вашего смартфона. Толщина ресивера всего 0,6 мм. Поэтому под чехлом ресивер не заметен и не мешает.<br/>В моделях со съёмной задней крышкой, есть возможность разместить ресивер внутри корпуса. <br/>Кому не подходит:<br/>если в чехол Вашего смартфона встроен магнит (автомобильные держатели).
]]>
</description>
<downloadable>false</downloadable>
<param name="Напряжение">DC 5V 2A / DV 5V 1.5A</param>
<param name="Размеры зарядного устройства">76*76*6 мм</param>
<param name="Вес зарядного устройства">60 г</param>
<param name="Цвет">Белый</param>
<param name="Страна-производитель">Китай</param>
<param name="Доставка/Оплата">Доставка по Украине. Оплата по факту получения</param>
<param name="Тип">Смартфонов любой модели iPhone и Android</param>
<param name="Дополнительные характеристики"><![CDATA[Входящий ток – 5 В, 2 A <br/> Исходящий ток – 5 В, 1,5 A<br/>Расстояния эффективного заряда – 8 мм <br/>LED индикация заряда <br/>Размеры зарядного устройства: 76*76*6 мм<br/>Вес зарядного устройства: 60 г <br/>Толщина ресивера/приёмника – 0,6 мм]]></param>
<param name="Комплектация">Зарядная станция Приёмник беспроводного электричества / ресивер, для Вашей модели смартфона ПОДАРОК: второй ресивер для любой выбранной Вами модели смартфонов Кабель USB-micro / USBИнструкция на русском языке</param>
</offer>
<offer id="4" available="true" type="vendor.model" >
<url>http://igadget.me</url>
<price>699</price>
<currencyId>UAH</currencyId>
<categoryId>2</categoryId>
<picture>http://igadget.me/img/fantasy_black.png</picture>
<picture>http://igadget.me/img/4.jpg</picture>
<picture>http://igadget.me/img/6.jpg</picture>
<picture>http://igadget.me/img/3.jpg</picture>
<store>true</store>
<pickup>true</pickup>
<delivery>true</delivery>
<vendor>luna</vendor>
<model>Беспроводное зарядное устройство LUNA FANTASY Черный</model>
<description>
<![CDATA[
Беспроводное зарядное устройство LUNA FANTASY,<br/> новая серия беспроводных зарядных устройств. Имеет стильный премиальный дизайн способный подчеркнуть безупречный вкус своего Владельца.<br/>LUNA FANTASY позволяет заряжать любой смартфон (iPhone и Android) не подключая провод к смартфону.<br/>Для начала подзарядки достаточно ПРОСТО положить смартфон на станцию.<br/>Кроме своего удобства и практичности, беспроводной способ зарядки защищает смартфон от поломок, связанных со скачками напряжения в сети.Что в реалиях качества украинской сети является дополнительным преимуществом данного способа зарядки.<br/>Перед началом работы:<br/>Необходимо, один раз, выполнить простую процедуру подключения приёмника / ресивера к смартфону. Подключить штекер ресивера к гнезду зарядки смартфона и положить ресивер под чехол Вашего смартфона. Толщина ресивера всего 0,6 мм. Поэтому под чехлом ресивер не заметен и не мешает.<br/>В моделях со съёмной задней крышкой, есть возможность разместить ресивер внутри корпуса. <br/>Кому не подходит:<br/>если в чехол Вашего смартфона встроен магнит (автомобильные держатели).
]]>
</description>
<downloadable>false</downloadable>
<param name="Напряжение">DC 5V 2A / DV 5V 1.5A</param>
<param name="Размеры зарядного устройства">76*76*6 мм</param>
<param name="Вес зарядного устройства">60 г</param>
<param name="Цвет">Черный</param>
<param name="Страна-производитель">Китай</param>
<param name="Доставка/Оплата">Доставка по Украине. Оплата по факту получения</param>
<param name="Тип">Смартфонов любой модели iPhone и Android</param>
<param name="Дополнительные характеристики"><![CDATA[Входящий ток – 5 В, 2 A <br/>Исходящий ток – 5 В, 1,5 A<br/> Расстояния эффективного заряда – 8 мм <br/>LED индикация заряда<br/>Размеры зарядного устройства: 76*76*6 мм <br/>Вес зарядного устройства: 60 г <br/>Толщина ресивера/приёмника – 0,6 мм
]]></param>
<param name="Комплектация">Зарядная станция Приёмник беспроводного электричества / ресивер, для Вашей модели смартфона ПОДАРОК: второй ресивер для любой выбранной Вами модели смартфонов Кабель USB-micro / USBИнструкция на русском языке</param>
</offer>
<offer id="5" available="true" type="vendor.model" >
<url>http://igadget.me</url>
<price>999</price>
<currencyId>UAH</currencyId>
<categoryId>2</categoryId>
<picture>http://igadget.me/phones/powerbank_3.png</picture>
<picture>http://igadget.me/phones/powerbank_1.png</picture>
<picture>http://igadget.me/phones/powerbank_2.png</picture>
<picture>http://igadget.me/phones/powerbank_4.png</picture>
<store>true</store>
<pickup>true</pickup>
<delivery>true</delivery>
<vendor>luna</vendor>
<model>Беспроводной повербанк LUNA Белый</model>
<description>
<![CDATA[
Преимущества товара: Батарея имеет встроенный приёмник и передатчик QI стандарта.<br/>Соответственно,она может заряжать беспроводным способом и её можно заряжать беспроводным способом. Также, в момент подзарядки, батарея может выступать зарядным устройством для смартфона. Чего пока не могут делать многие другие модели.<br/> Для полного заряда батареи с использованием встроенного microUSB-порта необходимо около 4 часов;<br/>Вы можете контролировать уровень заряда можно с помощью светодиодного индикатора;<br/>Батарея оснащена дополнительным USB-портом на 2.1А для заряда устройств в которых нет встроенного или подключённого приёмника беспроводного электричества.
]]>
</description>
<downloadable>false</downloadable>
<param name="Мощность на входе">min 5V -1A / max 5V - 2A</param>
<param name="Мощность на выходе">5V -1A</param>
<param name="Емкость аккумулятора">10 000 mAh</param>
<param name="Дальность передачи">0,5 см</param>
<param name="Индикатор заряда батареи">есть</param>
<param name="Подключение">по интерфейсу microUSB и Tipe C</param>
<param name="Время заряда аккумулятора">4 часа</param>
<param name="Рабочие температуры в диапазоне">-10°C ~ 40°C</param>
<param name="Гарантийный срок">6 месяцев</param>
<param name="Цвет">Белый</param>
<param name="Страна-производитель">Китай</param>
<param name="Доставка/Оплата">Доставка по Украине. Оплата по факту получения</param>
</offer>
<offer id="6" available="true" type="vendor.model" >
<url>http://igadget.me</url>
<price>699</price>
<currencyId>UAH</currencyId>
<categoryId>2</categoryId>
<picture>http://igadget.me/phones/autocharger5.png</picture>
<picture>http://igadget.me/phones/autocharger4.png</picture>
<picture>http://igadget.me/phones/autocharger3.png</picture>
<store>true</store>
<pickup>true</pickup>
<delivery>true</delivery>
<vendor>luna</vendor>
<model>Автомобильное зарядное устройство LUNA Белый</model>
<description>
<![CDATA[
Универсальный автомобильный держатель с функцией беспроводной зарядки;<br/>Позволяет использовать телефон как навигатор или видеорегистратор при этом будет его заряжать;<br/>Способен вместить смартфоны шириной до 85 мм<br/>Имеет раздвижные створки, раскрывающиеся одним нажатием;<br/>Благодаря разным креплениям , которые идут в комплекте, держатель может приклеиться к любым поверхностям (торпедо или лобовое стекло), также крепиться к дефлектору воздуховода Вашего автомобиля.<br/> 
Световой индикатор на зарядном устройстве показывает текущий статус - идет зарядка или устройство подключено к сети.<br/>Достаточно один раз закрепить его в автомобиле и Вам больше не придется искать на ходу кабель зарядки по всей машине, просто установите Ваш смартфон в держатель, и он начнет заряжаться автоматически.<br/>Отличительные особенности:<br/>Удобно устанавливать смартфон одной рукой<br/>Инновационная липучка, которая клеится к любой поверхности: ветровое (лобовое) стекло, торпедо и т.п. После отклеивания не оставляет следов.<br/>
Встроенная беспроводная зарядка qi<br/>Световой индикатор статуса зарядки.<br/>Упакован в красивую подарочную упаковку на магнитной застёжке.
]]>
</description>
<downloadable>false</downloadable>
<param name="Мощность на входе">min 5V -1A / max 5V - 2A</param>
<param name="Мощность на выходе">5V -1A</param>
<param name="Дальность передачи">0,7 см</param>
<param name="Индикатор работы зарядного устройства">есть</param>
<param name="Цвет">Белый</param>
<param name="Вес">75 гр</param>
<param name="Материал">PVC пластик</param>
<param name="Стандарт зарядки">QI</param>
<param name="Гарантийный срок">6 месяцев</param>
<param name="Страна-производитель">Китай</param>
<param name="Доставка/Оплата">Доставка по Украине. Оплата по факту получения</param>
<param name="Комплект поставки"><![CDATA[1. Держатель смартфона с встроенной зарядной станицей qi<br/> 2. Крепления для всех типов поверхностей (1- торпедо, 1- в дифлектор)<br/>3. USB кабель (от прикуривателя к беспроводной зарядке)<br/>4. Инструкция по эксплуатации
]]></param>
</offer>
<offer id="7" available="true" type="vendor.model" >
<url>http://igadget.me</url>
<price>699</price>
<currencyId>UAH</currencyId>
<categoryId>2</categoryId>
<picture>http://igadget.me/phones/autocharger2.png</picture>
<picture>http://igadget.me/phones/autocharger4.png</picture>
<picture>http://igadget.me/phones/autocharger3.png</picture>
<store>true</store>
<pickup>true</pickup>
<delivery>true</delivery>
<vendor>luna</vendor>
<model>Автомобильное зарядное устройство LUNA Черный</model>
<description>
<![CDATA[
Универсальный автомобильный держатель с функцией беспроводной зарядки;<br/>Позволяет использовать телефон как навигатор или видеорегистратор при этом будет его заряжать;<br/>Способен вместить смартфоны шириной до 85 мм<br/>Имеет раздвижные створки, раскрывающиеся одним нажатием;<br/>Благодаря разным креплениям , которые идут в комплекте, держатель может приклеиться к любым поверхностям (торпедо или лобовое стекло), также крепиться к дефлектору воздуховода Вашего автомобиля.<br/> 
Световой индикатор на зарядном устройстве показывает текущий статус - идет зарядка или устройство подключено к сети.<br/>Достаточно один раз закрепить его в автомобиле и Вам больше не придется искать на ходу кабель зарядки по всей машине, просто установите Ваш смартфон в держатель, и он начнет заряжаться автоматически.<br/>Отличительные особенности:<br/>Удобно устанавливать смартфон одной рукой<br/>Инновационная липучка, которая клеится к любой поверхности: ветровое (лобовое) стекло, торпедо и т.п. После отклеивания не оставляет следов.<br/>
Встроенная беспроводная зарядка qi<br/>Световой индикатор статуса зарядки.<br/>Упакован в красивую подарочную упаковку на магнитной застёжке.
]]>
</description>
<downloadable>false</downloadable>
<param name="Мощность на входе">min 5V -1A / max 5V - 2A</param>
<param name="Мощность на выходе">5V -1A</param>
<param name="Дальность передачи">0,7 см</param>
<param name="Индикатор работы зарядного устройства">есть</param>
<param name="Цвет">Черный</param>
<param name="Вес">75 гр</param>
<param name="Материал">PVC пластик</param>
<param name="Стандарт зарядки">QI</param>
<param name="Гарантийный срок">6 месяцев</param>
<param name="Страна-производитель">Китай</param>
<param name="Доставка/Оплата">Доставка по Украине. Оплата по факту получения</param>
<param name="Комплект поставки"><![CDATA[1. Держатель смартфона с встроенной зарядной станицей qi<br/> 2. Крепления для всех типов поверхностей (1- торпедо, 1- в дифлектор)<br/>3. USB кабель (от прикуривателя к беспроводной зарядке)<br/>4. Инструкция по эксплуатации
]]></param>
</offer>
<offer id="8" available="false" type="vendor.model" >
<url>http://igadget.me</url>
<price>350</price>
<currencyId>UAH</currencyId>
<categoryId>3</categoryId>
<picture>http://igadget.me/img/x/1.jpg</picture>
<picture>http://igadget.me/img/x/2.jpg</picture>
<picture>http://igadget.me/img/x/3.jpg</picture>
<picture>http://igadget.me/img/x/4.jpg</picture>
<picture>http://igadget.me/img/x/5.jpg</picture>
<picture>http://igadget.me/img/x/6.png</picture>
<picture>http://igadget.me/img/x/7.jpg</picture>
<store>true</store>
<pickup>true</pickup>
<delivery>true</delivery>
<vendor>Xiaomi</vendor>
<model>Автодержатель магнитный для смартфона RoidMi Xiaomi</model>
<description>
<![CDATA[
RoidMi один из немногих держателей, кто успешно прошел тест-драйв украинскими дорогами;<br/>Тип крепления: на вентиляционную решеткую.<br/>Универсальное магнитное крепление, которое будет держать все смартфоны, а также планшеты и GPS устройства.<br/>RoidMi крепится к решетке дефлектора воздухообдува.<br/>Крепление универсально и одинаково хорошо подойдет к решетке любого автомобиля.<br/>Магнит не создает помех при подключении к Интернету или использовании навигации смартфона.<br/>Маленький и компактный с утонченным дизайном, он обеспечивает большой угол обзора с помощью поворотного механизма.<br/>С помощью магнитного держателя RoidMi вы сможете:<br/>- всегда, в дороге, иметь под рукой свой телефон;<br/>- использовать телефон как полноценный навигатор;<br/>- фиксировать телефон к креплению, за долю секунды, под любым углом не прилагая усилий;<br/>- САМОЕ ВАЖНОЕ - Ваша БЕЗОПАСНОСТЬ. Вы  сможете видеть экран телефона не отвлекаясь от дороги.<br/>В комплект входят две стильные металлические пластины. Пластина крепится на телефон или на чехол. Даже если вы закрепите пластину под чехлом, магнитный держатель надёжно удержит Ваше устройство на любых дорогах и при любых вибрациях!
]]>
</description>
<downloadable>false</downloadable>
<param name="Место установки">Дефлектор воздуховода авто</param>
<param name="Тип">Автодержатели</param>
<param name="Тип крепления">Магнит</param>
<param name="Совместимость">Универсальный. Для телефонов, смартфонов, планшетов, навигаторов</param>
<param name="Цвет">Черный</param>
<param name="Гарантийный срок">12 месяцев</param>
<param name="Вес">60 грамм</param>
<param name="Дополнительные характеристики:">Выдерживает устройства весом до 0.5 кг.</param>
<param name="Страна-производитель">Китай</param>
<param name="Доставка/Оплата">Доставка по Украине. Оплата по факту получения</param>
</offer>
<offer id="9" available="false" type="vendor.model" >
<url>http://igadget.me</url>
<price>250</price>
<currencyId>UAH</currencyId>
<categoryId>3</categoryId>
<picture>http://igadget.me/img/l/01.png</picture>
<picture>http://igadget.me/img/l/02.png</picture>
<picture>http://igadget.me/img/l/03.png</picture>
<picture>http://igadget.me/img/l/04.png</picture>
<picture>http://igadget.me/img/l/05.png</picture>
<picture>http://igadget.me/img/l/06.png</picture>
<picture>http://igadget.me/img/l/07.png</picture>
<picture>http://igadget.me/img/l/08.png</picture>
<store>true</store>
<pickup>true</pickup>
<delivery>true</delivery>
<vendor>lessmore</vendor>
<model>Описание Автодержатель магнитный для смартфона lessmore H1</model>
<description>
<![CDATA[
H1 один из немногих держателей, кто успешно прошел тест-драйв украинскими дорогами.</br>Это изящное устройство с небольшим основанием, не только не испортит интерьер Вашего автомобиля, а и дополнит его, подчеркнув безупречный вкус своего владельца.</br>Тип крепления: держатель крепится к автомобилю путём приклеивания на 3М скотч. При смене места крепления 3М скотч не оставляет следов и может быть повторно использован. В комплекте идёт дополнительный 3М скотч.</br>Универсальное магнитное крепление, будет держать все модели смартфонов, а также планшеты и GPS устройства.</br>Вы будете иметь большой выбор вариантов места крепления (смотрите фото). 3М скотч надежно крепит основание держателя на торпеде или стекле автомобиля.</br>Магнит не создает помех при подключении к Интернету или использовании навигации смартфона.</br>Маленький и компактный с утонченным дизайном, он обеспечивает большой угол обзора с помощью поворотного механизма.</br>С помощью магнитного держателя lessmore вы сможете:</br>
- всегда в дороге держать свой телефон под рукой;</br>
- удобно использовать телефон как полноценный навигатор;</br>
- фиксировать телефон к креплению, за долю секунды, под любым углом, не прилагая усилий;</br>
- САМОЕ ВАЖНОЕ — Ваша БЕЗОПАСНОСТЬ. Вы сможете видеть экран телефона не отвлекаясь от дороги.</br>
В комплект входят две стильные металлические пластины. Пластина крепится на телефон или на чехол. Даже если вы закрепите пластину под чехлом, магнитный держатель надёжно удержит Ваше устройство на любых дорогах и при любых вибрациях!</br>Когда выберете место крепления, обезжирьте его при помощи специальной салфетки, которая идет в комплекте.]]>
</description>
<downloadable>false</downloadable>
<param name="Место установки">Скотч 3М (любая ровная поверхность)</param>
<param name="Тип">Автодержатели</param>
<param name="Тип крепления">Магнит</param>
<param name="Совместимость">Универсальный. Для телефонов, смартфонов, планшетов, навигаторов</param>
<param name="Цвет">Черный</param>
<param name="Гарантийный срок">12 месяцев</param>
<param name="Вес">42 грамма + Подарочная упаковка</param>
<param name="Дополнительные характеристики:">Выдерживает устройства весом до 0.5 кг.</param>
<param name="Страна-производитель">Китай</param>
<param name="Доставка/Оплата">Доставка по Украине. Оплата по факту получения</param>
</offer>
</offers>
</shop>
</yml_catalog>